Player,Pos,Year,Allstar
Paul Arizin,GF,1950,Yes
Vince Boryla,SF,1950,Yes
Bob Cousy,PG,1950,Yes
Joe Fulks,SF,1950,Yes
Harry Gallatin,FC,1950,Yes
Ed Macauley,FC,1950,Yes
Dick McGuire,G,1950,Yes
Andy Phillip,GF,1950,Yes
Red Rocha,FC,1950,Yes
Dolph Schayes,FC,1950,Yes
Ralph Beard,G,1950,Yes
Frankie Brian,G,1950,Yes
Bob Davies,G,1950,Yes
Dike Eddleman,SF,1950,Yes
Larry Foust,FC,1950,Yes
Alex Groza,C,1950,Yes
George Mikan,C,1950,Yes
Vern Mikkelsen,F,1950,Yes
Jim Pollard,F,1950,Yes
Fred Schaus,GF,1950,Yes
Paul Arizin,GF,1951,Yes
Bob Cousy,PG,1951,Yes
Joe Fulks,SF,1951,Yes
Harry Gallatin,FC,1951,Yes
Ed Macauley,FC,1951,Yes
Dick McGuire,G,1951,Yes
Andy Phillip,GF,1951,Yes
Red Rocha,FC,1951,Yes
Dolph Schayes,FC,1951,Yes
Fred Scolari,PG,1951,Yes
Max Zaslofsky,SG,1951,Yes
Leo Barnhorst,SF,1951,Yes
Frankie Brian,G,1951,Yes
Bob Davies,G,1951,Yes
Dike Eddleman,SF,1951,Yes
Larry Foust,FC,1951,Yes
George Mikan,C,1951,Yes
Vern Mikkelsen,F,1951,Yes
Jim Pollard,F,1951,Yes
Arnie Risen,C,1951,Yes
Paul Walther,G,1951,Yes
Bobby Wanzer,G,1951,Yes
Don Barksdale,F,1952,Yes
Carl Braun,SG,1952,Yes
Bob Cousy,PG,1952,Yes
Bill Gabor,SG,1952,Yes
Harry Gallatin,FC,1952,Yes
Neil Johnston,C,1952,Yes
Ed Macauley,FC,1952,Yes
Dolph Schayes,FC,1952,Yes
Fred Scolari,PG,1952,Yes
Paul Seymour,GF,1952,Yes
Bill Sharman,G,1952,Yes
Leo Barnhorst,SF,1952,Yes
Bob Davies,G,1952,Yes
Larry Foust,FC,1952,Yes
Mel Hutchins,FC,1952,Yes
Slater Martin,PG,1952,Yes
George Mikan,C,1952,Yes
Vern Mikkelsen,F,1952,Yes
Andy Phillip,GF,1952,Yes
Arnie Risen,C,1952,Yes
Bobby Wanzer,G,1952,Yes
Carl Braun,SG,1953,Yes
Bob Cousy,PG,1953,Yes
Ray Felix,C,1953,Yes
Harry Gallatin,FC,1953,Yes
Neil Johnston,C,1953,Yes
Ed Macauley,FC,1953,Yes
Dick McGuire,G,1953,Yes
Dolph Schayes,FC,1953,Yes
Paul Seymour,GF,1953,Yes
Bill Sharman,G,1953,Yes
Bob Davies,G,1953,Yes
Larry Foust,FC,1953,Yes
Mel Hutchins,FC,1953,Yes
Slater Martin,PG,1953,Yes
George Mikan,C,1953,Yes
Jack Molinas,SF,1953,Yes
Andy Phillip,GF,1953,Yes
Jim Pollard,F,1953,Yes
Arnie Risen,C,1953,Yes
Don Sunderlage,SG,1953,Yes
Bobby Wanzer,G,1953,Yes
Paul Arizin,GF,1954,Yes
Carl Braun,SG,1954,Yes
Bob Cousy,PG,1954,Yes
Harry Gallatin,FC,1954,Yes
Neil Johnston,C,1954,Yes
Ed Macauley,FC,1954,Yes
Dick McGuire,G,1954,Yes
Dolph Schayes,FC,1954,Yes
Paul Seymour,GF,1954,Yes
Bill Sharman,G,1954,Yes
Jack Coleman,PF,1954,Yes
Larry Foust,FC,1954,Yes
Slater Martin,PG,1954,Yes
Vern Mikkelsen,F,1954,Yes
Bob Pettit,FC,1954,Yes
Andy Phillip,GF,1954,Yes
Jim Pollard,F,1954,Yes
Arnie Risen,C,1954,Yes
Frank Selvy,SG,1954,Yes
Bobby Wanzer,G,1954,Yes
George Yardley,GF,1954,Yes
Paul Arizin,GF,1955,Yes
Carl Braun,SG,1955,Yes
Bob Cousy,PG,1955,Yes
Harry Gallatin,FC,1955,Yes
Jack George,G,1955,Yes
Neil Johnston,C,1955,Yes
Red Kerr,FC,1955,Yes
Ed Macauley,FC,1955,Yes
Dick McGuire,G,1955,Yes
Dolph Schayes,FC,1955,Yes
Bill Sharman,G,1955,Yes
Larry Foust,FC,1955,Yes
Bob Harrison,G,1955,Yes
Mel Hutchins,FC,1955,Yes
Clyde Lovellette,FC,1955,Yes
Slater Martin,PG,1955,Yes
Vern Mikkelsen,F,1955,Yes
Bob Pettit,FC,1955,Yes
Maurice Stokes,FC,1955,Yes
Bobby Wanzer,G,1955,Yes
George Yardley,GF,1955,Yes
Paul Arizin,GF,1956,Yes
Carl Braun,SG,1956,Yes
Nat Clifton,PF,1956,Yes
Bob Cousy,PG,1956,Yes
Harry Gallatin,FC,1956,Yes
Jack George,G,1956,Yes
Tommy Heinsohn,PF,1956,Yes
Neil Johnston,C,1956,Yes
Dolph Schayes,FC,1956,Yes
Bill Sharman,G,1956,Yes
Dick Garmaker,GF,1956,Yes
Mel Hutchins,FC,1956,Yes
Clyde Lovellette,FC,1956,Yes
Ed Macauley,FC,1956,Yes
Slater Martin,PG,1956,Yes
Vern Mikkelsen,F,1956,Yes
Bob Pettit,FC,1956,Yes
Richie Regan,G,1956,Yes
Maurice Stokes,FC,1956,Yes
Jack Twyman,F,1956,Yes
George Yardley,GF,1956,Yes
Paul Arizin,GF,1957,Yes
Larry Costello,PG,1957,Yes
Bob Cousy,PG,1957,Yes
Richie Guerin,SG,1957,Yes
Neil Johnston,C,1957,Yes
Willie Naulls,F,1957,Yes
Bill Russell,C,1957,Yes
Dolph Schayes,FC,1957,Yes
Kenny Sears,F,1957,Yes
Bill Sharman,G,1957,Yes
Larry Foust,FC,1957,Yes
Dick Garmaker,GF,1957,Yes
Cliff Hagan,GF,1957,Yes
Slater Martin,PG,1957,Yes
Dick McGuire,G,1957,Yes
Bob Pettit,FC,1957,Yes
Gene Shue,G,1957,Yes
Maurice Stokes,FC,1957,Yes
Jack Twyman,F,1957,Yes
George Yardley,GF,1957,Yes
Paul Arizin,GF,1958,Yes
Larry Costello,PG,1958,Yes
Bob Cousy,PG,1958,Yes
Richie Guerin,SG,1958,Yes
Red Kerr,FC,1958,Yes
Bill Russell,C,1958,Yes
Woody Sauldsberry,FC,1958,Yes
Dolph Schayes,FC,1958,Yes
Kenny Sears,F,1958,Yes
Bill Sharman,G,1958,Yes
Elgin Baylor,F,1958,Yes
Larry Foust,FC,1958,Yes
Dick Garmaker,GF,1958,Yes
Cliff Hagan,GF,1958,Yes
Slater Martin,PG,1958,Yes
Dick McGuire,G,1958,Yes
Bob Pettit,FC,1958,Yes
Gene Shue,G,1958,Yes
Jack Twyman,F,1958,Yes
George Yardley,GF,1958,Yes
Paul Arizin,GF,1959,Yes
Wilt Chamberlain,C,1959,Yes
Larry Costello,PG,1959,Yes
Bob Cousy,PG,1959,Yes
Tom Gola,GF,1959,Yes
Richie Guerin,SG,1959,Yes
Willie Naulls,F,1959,Yes
Bill Russell,C,1959,Yes
Dolph Schayes,FC,1959,Yes
Bill Sharman,G,1959,Yes
George Yardley,GF,1959,Yes
Elgin Baylor,F,1959,Yes
Walter Dukes,C,1959,Yes
Dick Garmaker,GF,1959,Yes
Cliff Hagan,GF,1959,Yes
Hot Rod Hundley,G,1959,Yes
Clyde Lovellette,FC,1959,Yes
Chuck Noble,SG,1959,Yes
Bob Pettit,FC,1959,Yes
Gene Shue,G,1959,Yes
Jack Twyman,F,1959,Yes
Paul Arizin,GF,1960,Yes
Wilt Chamberlain,C,1960,Yes
Larry Costello,PG,1960,Yes
Bob Cousy,PG,1960,Yes
Tom Gola,GF,1960,Yes
Hal Greer,G,1960,Yes
Richie Guerin,SG,1960,Yes
Tommy Heinsohn,PF,1960,Yes
Willie Naulls,F,1960,Yes
Bill Russell,C,1960,Yes
Dolph Schayes,FC,1960,Yes
Elgin Baylor,F,1960,Yes
Walter Dukes,C,1960,Yes
Wayne Embry,C,1960,Yes
Cliff Hagan,GF,1960,Yes
Bailey Howell,SF,1960,Yes
Hot Rod Hundley,G,1960,Yes
Clyde Lovellette,FC,1960,Yes
Bob Pettit,FC,1960,Yes
Oscar Robertson,G,1960,Yes
Gene Shue,G,1960,Yes
Jerry West,SG,1960,Yes
Paul Arizin,GF,1961,Yes
Wilt Chamberlain,C,1961,Yes
Larry Costello,PG,1961,Yes
Bob Cousy,PG,1961,Yes
Tom Gola,GF,1961,Yes
Johnny Green,SF,1961,Yes
Hal Greer,G,1961,Yes
Richie Guerin,SG,1961,Yes
Tommy Heinsohn,PF,1961,Yes
Sam Jones,GF,1961,Yes
Willie Naulls,F,1961,Yes
Bill Russell,C,1961,Yes
Dolph Schayes,FC,1961,Yes
Elgin Baylor,F,1961,Yes
Walt Bellamy,C,1961,Yes
Wayne Embry,C,1961,Yes
Cliff Hagan,GF,1961,Yes
Bailey Howell,SF,1961,Yes
Bob Pettit,FC,1961,Yes
Oscar Robertson,G,1961,Yes
Frank Selvy,SG,1961,Yes
Gene Shue,G,1961,Yes
Jack Twyman,F,1961,Yes
Jerry West,SG,1961,Yes
Elgin Baylor,F,1962,Yes
Walt Bellamy,C,1962,Yes
Wilt Chamberlain,C,1962,Yes
Terry Dischinger,GF,1962,Yes
Bailey Howell,SF,1962,Yes
Rudy LaRusso,FC,1962,Yes
Tom Meschery,F,1962,Yes
Don Ohl,SG,1962,Yes
Bob Pettit,FC,1962,Yes
Guy Rodgers,PG,1962,Yes
Jerry West,SG,1962,Yes
Lenny Wilkens,PG,1962,Yes
Bob Cousy,PG,1962,Yes
Wayne Embry,C,1962,Yes
Tom Gola,GF,1962,Yes
Johnny Green,SF,1962,Yes
Hal Greer,G,1962,Yes
Richie Guerin,SG,1962,Yes
Tommy Heinsohn,PF,1962,Yes
Red Kerr,FC,1962,Yes
Oscar Robertson,G,1962,Yes
Bill Russell,C,1962,Yes
Lee Shaffer,SF,1962,Yes
Jack Twyman,F,1962,Yes
Len Chappell,PF,1963,Yes
Wayne Embry,C,1963,Yes
Tom Gola,GF,1963,Yes
Hal Greer,G,1963,Yes
Tommy Heinsohn,PF,1963,Yes
Sam Jones,GF,1963,Yes
Jerry Lucas,FC,1963,Yes
Oscar Robertson,G,1963,Yes
Bill Russell,C,1963,Yes
Chet Walker,F,1963,Yes
Elgin Baylor,F,1963,Yes
Walt Bellamy,C,1963,Yes
Wilt Chamberlain,C,1963,Yes
Terry Dischinger,GF,1963,Yes
Bailey Howell,SF,1963,Yes
Don Ohl,SG,1963,Yes
Bob Pettit,FC,1963,Yes
Guy Rodgers,PG,1963,Yes
Jerry West,SG,1963,Yes
Lenny Wilkens,PG,1963,Yes
Larry Costello,PG,1964,Yes
Wayne Embry,C,1964,Yes
Johnny Green,SF,1964,Yes
Hal Greer,G,1964,Yes
Tommy Heinsohn,PF,1964,Yes
Luke Jackson,FC,1964,Yes
Sam Jones,GF,1964,Yes
Jerry Lucas,FC,1964,Yes
Willis Reed,FC,1964,Yes
Oscar Robertson,G,1964,Yes
Bill Russell,C,1964,Yes
Elgin Baylor,F,1964,Yes
Walt Bellamy,C,1964,Yes
Wilt Chamberlain,C,1964,Yes
Terry Dischinger,GF,1964,Yes
Gus Johnson,FC,1964,Yes
Don Ohl,SG,1964,Yes
Bob Pettit,FC,1964,Yes
Nate Thurmond,FC,1964,Yes
Jerry West,SG,1964,Yes
Lenny Wilkens,PG,1964,Yes
Wilt Chamberlain,C,1965,Yes
Hal Greer,G,1965,Yes
John Havlicek,GF,1965,Yes
Sam Jones,GF,1965,Yes
Jerry Lucas,FC,1965,Yes
Willis Reed,FC,1965,Yes
Oscar Robertson,G,1965,Yes
Bill Russell,C,1965,Yes
Adrian Smith,PG,1965,Yes
Chet Walker,F,1965,Yes
Rick Barry,F,1965,Yes
Zelmo Beaty,FC,1965,Yes
Dave DeBusschere,F,1965,Yes
Bailey Howell,SF,1965,Yes
Rudy LaRusso,FC,1965,Yes
Eddie Miles,SG,1965,Yes
Don Ohl,SG,1965,Yes
Guy Rodgers,PG,1965,Yes
Nate Thurmond,FC,1965,Yes
Jerry West,SG,1965,Yes
Rick Barry,F,1966,Yes
Elgin Baylor,F,1966,Yes
Bill Bridges,FC,1966,Yes
Dave DeBusschere,F,1966,Yes
Darrall Imhoff,C,1966,Yes
Guy Rodgers,PG,1966,Yes
Jerry Sloan,GF,1966,Yes
Nate Thurmond,FC,1966,Yes
Jerry West,SG,1966,Yes
Lenny Wilkens,PG,1966,Yes
Wilt Chamberlain,C,1966,Yes
Hal Greer,G,1966,Yes
John Havlicek,GF,1966,Yes
Bailey Howell,SF,1966,Yes
Jerry Lucas,FC,1966,Yes
Don Ohl,SG,1966,Yes
Willis Reed,FC,1966,Yes
Oscar Robertson,G,1966,Yes
Bill Russell,C,1966,Yes
Chet Walker,F,1966,Yes
Dick Barnett,SG,1967,Yes
Dave Bing,G,1967,Yes
Wilt Chamberlain,C,1967,Yes
Dave DeBusschere,F,1967,Yes
Hal Greer,G,1967,Yes
John Havlicek,GF,1967,Yes
Gus Johnson,FC,1967,Yes
Sam Jones,GF,1967,Yes
Jerry Lucas,FC,1967,Yes
Willis Reed,FC,1967,Yes
Oscar Robertson,G,1967,Yes
Bill Russell,C,1967,Yes
Mahdi Abdul-Rahman,G,1967,Yes
Elgin Baylor,F,1967,Yes
Zelmo Beaty,FC,1967,Yes
Bob Boozer,PF,1967,Yes
Bill Bridges,FC,1967,Yes
Archie Clark,G,1967,Yes
Jim King,G,1967,Yes
Don Kojis,SF,1967,Yes
Rudy LaRusso,FC,1967,Yes
Clyde Lee,FC,1967,Yes
Nate Thurmond,FC,1967,Yes
Jerry West,SG,1967,Yes
Lenny Wilkens,PG,1967,Yes
Dave Bing,G,1968,Yes
Billy Cunningham,FC,1968,Yes
Hal Greer,G,1968,Yes
John Havlicek,GF,1968,Yes
Gus Johnson,FC,1968,Yes
Jerry Lucas,FC,1968,Yes
Jon McGlocklin,GF,1968,Yes
Earl Monroe,G,1968,Yes
Willis Reed,FC,1968,Yes
Oscar Robertson,G,1968,Yes
Bill Russell,C,1968,Yes
Wes Unseld,FC,1968,Yes
Elgin Baylor,F,1968,Yes
Joe Caldwell,GF,1968,Yes
Wilt Chamberlain,C,1968,Yes
Gail Goodrich,G,1968,Yes
Elvin Hayes,FC,1968,Yes
Lou Hudson,GF,1968,Yes
Don Kojis,SF,1968,Yes
Rudy LaRusso,FC,1968,Yes
Jeff Mullins,GF,1968,Yes
Jerry Sloan,GF,1968,Yes
Dick Van Arsdale,GF,1968,Yes
Jerry West,SG,1968,Yes
Lenny Wilkens,PG,1968,Yes
Kareem Abdul-Jabbar,C,1969,Yes
Billy Cunningham,FC,1969,Yes
Dave DeBusschere,F,1969,Yes
Walt Frazier,PG,1969,Yes
Hal Greer,G,1969,Yes
John Havlicek,GF,1969,Yes
Gus Johnson,FC,1969,Yes
Willis Reed,FC,1969,Yes
Oscar Robertson,G,1969,Yes
Flynn Robinson,G,1969,Yes
Tom Van Arsdale,GF,1969,Yes
Jimmy Walker,SG,1969,Yes
Elgin Baylor,F,1969,Yes
Bill Bridges,FC,1969,Yes
Joe Caldwell,GF,1969,Yes
Connie Hawkins,PF,1969,Yes
Elvin Hayes,FC,1969,Yes
Lou Hudson,GF,1969,Yes
Jeff Mullins,GF,1969,Yes
Bob Rule,FC,1969,Yes
Nate Thurmond,FC,1969,Yes
Dick Van Arsdale,GF,1969,Yes
Chet Walker,F,1969,Yes
Jerry West,SG,1969,Yes
Lenny Wilkens,PG,1969,Yes
Kareem Abdul-Jabbar,C,1970,Yes
Dave Bing,G,1970,Yes
Wilt Chamberlain,C,1970,Yes
Connie Hawkins,PF,1970,Yes
Elvin Hayes,FC,1970,Yes
Bob Love,F,1970,Yes
Jerry Lucas,FC,1970,Yes
Jeff Mullins,GF,1970,Yes
Geoff Petrie,G,1970,Yes
Oscar Robertson,G,1970,Yes
Dick Van Arsdale,GF,1970,Yes
Chet Walker,F,1970,Yes
Jerry West,SG,1970,Yes
Lenny Wilkens,PG,1970,Yes
Billy Cunningham,FC,1970,Yes
Dave DeBusschere,F,1970,Yes
Walt Frazier,PG,1970,Yes
Johnny Green,SF,1970,Yes
John Havlicek,GF,1970,Yes
Lou Hudson,GF,1970,Yes
Gus Johnson,FC,1970,Yes
John Johnson,SF,1970,Yes
Bob Kauffman,FC,1970,Yes
Earl Monroe,G,1970,Yes
Willis Reed,FC,1970,Yes
Wes Unseld,FC,1970,Yes
Tom Van Arsdale,GF,1970,Yes
Jo Jo White,G,1970,Yes
Kareem Abdul-Jabbar,C,1971,Yes
Wilt Chamberlain,C,1971,Yes
Gail Goodrich,G,1971,Yes
Connie Hawkins,PF,1971,Yes
Elvin Hayes,FC,1971,Yes
Spencer Haywood,PF,1971,Yes
Bob Lanier,C,1971,Yes
Bob Love,F,1971,Yes
Oscar Robertson,G,1971,Yes
Cazzie Russell,GF,1971,Yes
Paul Silas,PF,1971,Yes
Jimmy Walker,SG,1971,Yes
Jerry West,SG,1971,Yes
Sidney Wicks,FC,1971,Yes
Butch Beard,G,1971,Yes
Archie Clark,G,1971,Yes
Dave Cowens,FC,1971,Yes
Billy Cunningham,FC,1971,Yes
Dave DeBusschere,F,1971,Yes
Walt Frazier,PG,1971,Yes
John Havlicek,GF,1971,Yes
Lou Hudson,GF,1971,Yes
John Johnson,SF,1971,Yes
Bob Kauffman,FC,1971,Yes
Jack Marin,GF,1971,Yes
Wes Unseld,FC,1971,Yes
Tom Van Arsdale,GF,1971,Yes
Jo Jo White,G,1971,Yes
John Block,FC,1972,Yes
Bill Bradley,GF,1972,Yes
Dave Cowens,FC,1972,Yes
Dave DeBusschere,F,1972,Yes
Walt Frazier,PG,1972,Yes
John Havlicek,GF,1972,Yes
Elvin Hayes,FC,1972,Yes
Lou Hudson,GF,1972,Yes
Bob Kauffman,FC,1972,Yes
Pete Maravich,GF,1972,Yes
Jack Marin,GF,1972,Yes
Wes Unseld,FC,1972,Yes
Jo Jo White,G,1972,Yes
Lenny Wilkens,PG,1972,Yes
Kareem Abdul-Jabbar,C,1972,Yes
Tiny Archibald,PG,1972,Yes
Rick Barry,F,1972,Yes
Dave Bing,G,1972,Yes
Wilt Chamberlain,C,1972,Yes
Bob Dandridge,SF,1972,Yes
Gail Goodrich,G,1972,Yes
Connie Hawkins,PF,1972,Yes
Spencer Haywood,PF,1972,Yes
Bob Lanier,C,1972,Yes
Bob Love,F,1972,Yes
Charlie Scott,SG,1972,Yes
Nate Thurmond,FC,1972,Yes
Chet Walker,F,1972,Yes
Jerry West,SG,1972,Yes
Sidney Wicks,FC,1972,Yes
Kareem Abdul-Jabbar,C,1973,Yes
Rick Barry,F,1973,Yes
Dave Bing,G,1973,Yes
Gail Goodrich,G,1973,Yes
Spencer Haywood,PF,1973,Yes
Bob Lanier,C,1973,Yes
Geoff Petrie,G,1973,Yes
Charlie Scott,SG,1973,Yes
Nate Thurmond,FC,1973,Yes
Norm Van Lier,PG,1973,Yes
Chet Walker,F,1973,Yes
Jerry West,SG,1973,Yes
Sidney Wicks,FC,1973,Yes
Austin Carr,G,1973,Yes
Phil Chenier,PG,1973,Yes
Dave Cowens,FC,1973,Yes
Dave DeBusschere,F,1973,Yes
Walt Frazier,PG,1973,Yes
John Havlicek,GF,1973,Yes
Elvin Hayes,FC,1973,Yes
Lou Hudson,GF,1973,Yes
Pete Maravich,GF,1973,Yes
Bob McAdoo,FC,1973,Yes
Rudy Tomjanovich,F,1973,Yes
Jo Jo White,G,1973,Yes
Kareem Abdul-Jabbar,C,1974,Yes
Tiny Archibald,PG,1974,Yes
Rick Barry,F,1974,Yes
Dave Bing,G,1974,Yes
Bob Dandridge,SF,1974,Yes
Gail Goodrich,G,1974,Yes
Spencer Haywood,PF,1974,Yes
Sam Lacey,C,1974,Yes
Bob Lanier,C,1974,Yes
Jim Price,G,1974,Yes
Charlie Scott,SG,1974,Yes
Sidney Wicks,FC,1974,Yes
Phil Chenier,PG,1974,Yes
Dave Cowens,FC,1974,Yes
Walt Frazier,PG,1974,Yes
John Havlicek,GF,1974,Yes
Elvin Hayes,FC,1974,Yes
Bob McAdoo,FC,1974,Yes
Steve Mix,F,1974,Yes
Earl Monroe,G,1974,Yes
Paul Silas,PF,1974,Yes
Rudy Tomjanovich,F,1974,Yes
Wes Unseld,FC,1974,Yes
Jo Jo White,G,1974,Yes
Dave Bing,G,1975,Yes
Doug Collins,GF,1975,Yes
Dave Cowens,FC,1975,Yes
John Drew,GF,1975,Yes
Walt Frazier,PG,1975,Yes
John Havlicek,GF,1975,Yes
Elvin Hayes,FC,1975,Yes
Bob McAdoo,FC,1975,Yes
George McGinnis,PF,1975,Yes
Randy Smith,GF,1975,Yes
Rudy Tomjanovich,F,1975,Yes
Jo Jo White,G,1975,Yes
Kareem Abdul-Jabbar,C,1975,Yes
Alvan Adams,FC,1975,Yes
Tiny Archibald,PG,1975,Yes
Rick Barry,F,1975,Yes
Fred Brown,G,1975,Yes
Bob Dandridge,SF,1975,Yes
Curtis Rowe,PF,1975,Yes
Phil Smith,SG,1975,Yes
Norm Van Lier,PG,1975,Yes
Scott Wedman,GF,1975,Yes
Jamaal Wilkes,GF,1975,Yes
Brian Winters,GF,1975,Yes
Phil Chenier,PG,1976,Yes
Doug Collins,GF,1976,Yes
Dave Cowens,FC,1976,Yes
Julius Erving,SF,1976,Yes
George Gervin,GF,1976,Yes
John Havlicek,GF,1976,Yes
Elvin Hayes,FC,1976,Yes
Pete Maravich,GF,1976,Yes
Bob McAdoo,FC,1976,Yes
George McGinnis,PF,1976,Yes
Earl Monroe,G,1976,Yes
Rudy Tomjanovich,F,1976,Yes
Jo Jo White,G,1976,Yes
Kareem Abdul-Jabbar,C,1976,Yes
Rick Barry,F,1976,Yes
Don Buse,G,1976,Yes
Dan Issel,FC,1976,Yes
Bobby Jones,SF,1976,Yes
Billy Knight,GF,1976,Yes
Bob Lanier,C,1976,Yes
Maurice Lucas,PF,1976,Yes
Phil Smith,SG,1976,Yes
David Thompson,GF,1976,Yes
Norm Van Lier,PG,1976,Yes
Bill Walton,C,1976,Yes
Paul Westphal,G,1976,Yes
Doug Collins,GF,1977,Yes
Dave Cowens,FC,1977,Yes
Julius Erving,SF,1977,Yes
George Gervin,GF,1977,Yes
John Havlicek,GF,1977,Yes
Elvin Hayes,FC,1977,Yes
Larry Kenon,PF,1977,Yes
Moses Malone,C,1977,Yes
Pete Maravich,GF,1977,Yes
Bob McAdoo,FC,1977,Yes
Truck Robinson,F,1977,Yes
Randy Smith,GF,1977,Yes
Rick Barry,F,1977,Yes
Walter Davis,GF,1977,Yes
Artis Gilmore,C,1977,Yes
Lionel Hollins,G,1977,Yes
Bobby Jones,SF,1977,Yes
Bob Lanier,C,1977,Yes
Maurice Lucas,PF,1977,Yes
David Thompson,GF,1977,Yes
Bill Walton,C,1977,Yes
Paul Westphal,G,1977,Yes
Brian Winters,GF,1977,Yes
Doug Collins,GF,1978,Yes
Bob Dandridge,SF,1978,Yes
Julius Erving,SF,1978,Yes
George Gervin,GF,1978,Yes
Elvin Hayes,FC,1978,Yes
Larry Kenon,PF,1978,Yes
Bob Lanier,C,1978,Yes
Moses Malone,C,1978,Yes
Pete Maravich,GF,1978,Yes
Calvin Murphy,PG,1978,Yes
Campy Russell,F,1978,Yes
Rudy Tomjanovich,F,1978,Yes
Kareem Abdul-Jabbar,C,1978,Yes
Otis Birdsong,GF,1978,Yes
Walter Davis,GF,1978,Yes
Artis Gilmore,C,1978,Yes
Dennis Johnson,PG,1978,Yes
Marques Johnson,GF,1978,Yes
Maurice Lucas,PF,1978,Yes
George McGinnis,PF,1978,Yes
Jack Sikma,C,1978,Yes
David Thompson,GF,1978,Yes
Paul Westphal,G,1978,Yes
Tiny Archibald,PG,1979,Yes
Larry Bird,SF,1979,Yes
Bill Cartwright,C,1979,Yes
Dave Cowens,FC,1979,Yes
John Drew,GF,1979,Yes
Julius Erving,SF,1979,Yes
George Gervin,GF,1979,Yes
Elvin Hayes,FC,1979,Yes
"Eddie Johnson, Jr.",G,1979,Yes
Moses Malone,C,1979,Yes
Micheal Ray Richardson,PG,1979,Yes
Dan Roundfield,PF,1979,Yes
Kareem Abdul-Jabbar,C,1979,Yes
Otis Birdsong,GF,1979,Yes
Adrian Dantley,SF,1979,Yes
Walter Davis,GF,1979,Yes
World B. Free,G,1979,Yes
Dennis Johnson,PG,1979,Yes
Magic Johnson,PG,1979,Yes
Marques Johnson,GF,1979,Yes
Jack Sikma,C,1979,Yes
Kermit Washington,FC,1979,Yes
Scott Wedman,GF,1979,Yes
Paul Westphal,G,1979,Yes
Tiny Archibald,PG,1980,Yes
Larry Bird,SF,1980,Yes
Julius Erving,SF,1980,Yes
Artis Gilmore,C,1980,Yes
"Eddie Johnson, Jr.",G,1980,Yes
Marques Johnson,GF,1980,Yes
Bobby Jones,SF,1980,Yes
Mike Mitchell,F,1980,Yes
Robert Parish,C,1980,Yes
Micheal Ray Richardson,PG,1980,Yes
Dan Roundfield,PF,1980,Yes
Reggie Theus,GF,1980,Yes
Kareem Abdul-Jabbar,C,1980,Yes
Otis Birdsong,GF,1980,Yes
Adrian Dantley,SF,1980,Yes
Walter Davis,GF,1980,Yes
George Gervin,GF,1980,Yes
Dennis Johnson,PG,1980,Yes
Moses Malone,C,1980,Yes
Truck Robinson,F,1980,Yes
Jack Sikma,C,1980,Yes
Paul Westphal,G,1980,Yes
Jamaal Wilkes,GF,1980,Yes
Tiny Archibald,PG,1981,Yes
Larry Bird,SF,1981,Yes
Julius Erving,SF,1981,Yes
Artis Gilmore,C,1981,Yes
Bobby Jones,SF,1981,Yes
Bob Lanier,C,1981,Yes
Sidney Moncrief,SG,1981,Yes
Robert Parish,C,1981,Yes
Micheal Ray Richardson,PG,1981,Yes
Dan Roundfield,PF,1981,Yes
Isiah Thomas,PG,1981,Yes
Kelly Tripucka,SF,1981,Yes
Buck Williams,PF,1981,Yes
Kareem Abdul-Jabbar,C,1981,Yes
Adrian Dantley,SF,1981,Yes
Alex English,SF,1981,Yes
George Gervin,GF,1981,Yes
Dennis Johnson,PG,1981,Yes
Magic Johnson,PG,1981,Yes
Bernard King,SF,1981,Yes
Moses Malone,C,1981,Yes
Norm Nixon,G,1981,Yes
Lonnie Shelton,FC,1981,Yes
Jack Sikma,C,1981,Yes
Gus Williams,G,1981,Yes
Kareem Abdul-Jabbar,C,1982,Yes
Alex English,SF,1982,Yes
George Gervin,GF,1982,Yes
Artis Gilmore,C,1982,Yes
Magic Johnson,PG,1982,Yes
Maurice Lucas,PF,1982,Yes
Jim Paxson,SG,1982,Yes
Jack Sikma,C,1982,Yes
David Thompson,GF,1982,Yes
Kiki Vandeweghe,SF,1982,Yes
Jamaal Wilkes,GF,1982,Yes
Gus Williams,G,1982,Yes
Larry Bird,SF,1982,Yes
Mo Cheeks,PG,1982,Yes
Julius Erving,SF,1982,Yes
Marques Johnson,GF,1982,Yes
Bill Laimbeer,C,1982,Yes
Moses Malone,C,1982,Yes
Sidney Moncrief,SG,1982,Yes
Robert Parish,C,1982,Yes
Reggie Theus,GF,1982,Yes
Isiah Thomas,PG,1982,Yes
Andrew Toney,G,1982,Yes
Buck Williams,PF,1982,Yes
Kareem Abdul-Jabbar,C,1983,Yes
Mark Aguirre,SF,1983,Yes
Adrian Dantley,SF,1983,Yes
Walter Davis,GF,1983,Yes
Alex English,SF,1983,Yes
George Gervin,GF,1983,Yes
Rickey Green,PG,1983,Yes
Magic Johnson,PG,1983,Yes
Jim Paxson,SG,1983,Yes
Ralph Sampson,C,1983,Yes
Jack Sikma,C,1983,Yes
Kiki Vandeweghe,SF,1983,Yes
Larry Bird,SF,1983,Yes
Otis Birdsong,GF,1983,Yes
Julius Erving,SF,1983,Yes
Bernard King,SF,1983,Yes
Bill Laimbeer,C,1983,Yes
Moses Malone,C,1983,Yes
Kevin McHale,PF,1983,Yes
Sidney Moncrief,SG,1983,Yes
Robert Parish,C,1983,Yes
Jeff Ruland,C,1983,Yes
Isiah Thomas,PG,1983,Yes
Andrew Toney,G,1983,Yes
Kelly Tripucka,SF,1983,Yes
Larry Bird,SF,1984,Yes
Terry Cummings,PF,1984,Yes
Julius Erving,SF,1984,Yes
Dennis Johnson,PG,1984,Yes
Michael Jordan,SG,1984,Yes
Bernard King,SF,1984,Yes
Bill Laimbeer,C,1984,Yes
Moses Malone,C,1984,Yes
Sidney Moncrief,SG,1984,Yes
Robert Parish,C,1984,Yes
Micheal Ray Richardson,PG,1984,Yes
Isiah Thomas,PG,1984,Yes
Kareem Abdul-Jabbar,C,1984,Yes
Rolando Blackman,G,1984,Yes
Adrian Dantley,SF,1984,Yes
Alex English,SF,1984,Yes
George Gervin,GF,1984,Yes
Magic Johnson,PG,1984,Yes
Larry Nance,PF,1984,Yes
Calvin Natt,F,1984,Yes
Norm Nixon,G,1984,Yes
Hakeem Olajuwon,C,1984,Yes
Ralph Sampson,C,1984,Yes
Jack Sikma,C,1984,Yes
Kareem Abdul-Jabbar,C,1985,Yes
Rolando Blackman,G,1985,Yes
Adrian Dantley,SF,1985,Yes
Clyde Drexler,SG,1985,Yes
Alex English,SF,1985,Yes
Artis Gilmore,C,1985,Yes
Magic Johnson,PG,1985,Yes
Marques Johnson,GF,1985,Yes
Hakeem Olajuwon,C,1985,Yes
Alvin Robertson,SG,1985,Yes
Ralph Sampson,C,1985,Yes
James Worthy,SF,1985,Yes
Larry Bird,SF,1985,Yes
Mo Cheeks,PG,1985,Yes
Julius Erving,SF,1985,Yes
Patrick Ewing,C,1985,Yes
Michael Jordan,SG,1985,Yes
Jeff Malone,SG,1985,Yes
Moses Malone,C,1985,Yes
Kevin McHale,PF,1985,Yes
Sidney Moncrief,SG,1985,Yes
Robert Parish,C,1985,Yes
Isiah Thomas,PG,1985,Yes
Dominique Wilkins,SF,1985,Yes
Buck Williams,PF,1985,Yes
Kareem Abdul-Jabbar,C,1986,Yes
Mark Aguirre,SF,1986,Yes
Rolando Blackman,G,1986,Yes
Joe Barry Carroll,FC,1986,Yes
Tom Chambers,PF,1986,Yes
Walter Davis,GF,1986,Yes
Alex English,SF,1986,Yes
Sleepy Floyd,PG,1986,Yes
Magic Johnson,PG,1986,Yes
Hakeem Olajuwon,C,1986,Yes
Alvin Robertson,SG,1986,Yes
Ralph Sampson,C,1986,Yes
James Worthy,SF,1986,Yes
Charles Barkley,PF,1986,Yes
Larry Bird,SF,1986,Yes
Mo Cheeks,PG,1986,Yes
Julius Erving,SF,1986,Yes
Michael Jordan,SG,1986,Yes
Bill Laimbeer,C,1986,Yes
Jeff Malone,SG,1986,Yes
Moses Malone,C,1986,Yes
Kevin McHale,PF,1986,Yes
Robert Parish,C,1986,Yes
Isiah Thomas,PG,1986,Yes
Dominique Wilkins,SF,1986,Yes
Danny Ainge,G,1987,Yes
Charles Barkley,PF,1987,Yes
Larry Bird,SF,1987,Yes
Mo Cheeks,PG,1987,Yes
Brad Daugherty,C,1987,Yes
Patrick Ewing,C,1987,Yes
Michael Jordan,SG,1987,Yes
Moses Malone,C,1987,Yes
Kevin McHale,PF,1987,Yes
Doc Rivers,G,1987,Yes
Isiah Thomas,PG,1987,Yes
Dominique Wilkins,SF,1987,Yes
Kareem Abdul-Jabbar,C,1987,Yes
Mark Aguirre,SF,1987,Yes
James Donaldson,C,1987,Yes
Clyde Drexler,SG,1987,Yes
Alex English,SF,1987,Yes
Magic Johnson,PG,1987,Yes
Fat Lever,PG,1987,Yes
Karl Malone,PF,1987,Yes
Xavier McDaniel,PF,1987,Yes
Hakeem Olajuwon,C,1987,Yes
Alvin Robertson,SG,1987,Yes
James Worthy,SF,1987,Yes
Kareem Abdul-Jabbar,C,1988,Yes
Tom Chambers,PF,1988,Yes
Clyde Drexler,SG,1988,Yes
Kevin Duckworth,C,1988,Yes
Mark Eaton,C,1988,Yes
Dale Ellis,GF,1988,Yes
Alex English,SF,1988,Yes
Magic Johnson,PG,1988,Yes
Karl Malone,PF,1988,Yes
Chris Mullin,SF,1988,Yes
Hakeem Olajuwon,C,1988,Yes
John Stockton,PG,1988,Yes
James Worthy,SF,1988,Yes
Charles Barkley,PF,1988,Yes
Terry Cummings,PF,1988,Yes
Brad Daugherty,C,1988,Yes
Patrick Ewing,C,1988,Yes
Mark Jackson,PG,1988,Yes
Michael Jordan,SG,1988,Yes
Moses Malone,C,1988,Yes
Kevin McHale,PF,1988,Yes
Larry Nance,PF,1988,Yes
Mark Price,PG,1988,Yes
Isiah Thomas,PG,1988,Yes
Dominique Wilkins,SF,1988,Yes
Charles Barkley,PF,1989,Yes
Larry Bird,SF,1989,Yes
Joe Dumars,SG,1989,Yes
Patrick Ewing,C,1989,Yes
Michael Jordan,SG,1989,Yes
Kevin McHale,PF,1989,Yes
Reggie Miller,SG,1989,Yes
Robert Parish,C,1989,Yes
Scottie Pippen,SF,1989,Yes
Dennis Rodman,PF,1989,Yes
Isiah Thomas,PG,1989,Yes
Dominique Wilkins,SF,1989,Yes
Rolando Blackman,G,1989,Yes
Tom Chambers,PF,1989,Yes
Clyde Drexler,SG,1989,Yes
A.C. Green,PF,1989,Yes
Kevin Johnson,PG,1989,Yes
Magic Johnson,PG,1989,Yes
Fat Lever,PG,1989,Yes
Karl Malone,PF,1989,Yes
Chris Mullin,SF,1989,Yes
Hakeem Olajuwon,C,1989,Yes
David Robinson,C,1989,Yes
John Stockton,PG,1989,Yes
James Worthy,SF,1989,Yes
Charles Barkley,PF,1990,Yes
Larry Bird,SF,1990,Yes
Brad Daugherty,C,1990,Yes
Joe Dumars,SG,1990,Yes
Patrick Ewing,C,1990,Yes
Hersey Hawkins,SG,1990,Yes
Michael Jordan,SG,1990,Yes
Bernard King,SF,1990,Yes
Kevin McHale,PF,1990,Yes
Robert Parish,C,1990,Yes
Ricky Pierce,SG,1990,Yes
Alvin Robertson,SG,1990,Yes
Isiah Thomas,PG,1990,Yes
Dominique Wilkins,SF,1990,Yes
Tom Chambers,PF,1990,Yes
Clyde Drexler,SG,1990,Yes
Kevin Duckworth,C,1990,Yes
Tim Hardaway,PG,1990,Yes
Kevin Johnson,PG,1990,Yes
Magic Johnson,PG,1990,Yes
Karl Malone,PF,1990,Yes
Chris Mullin,SF,1990,Yes
Terry Porter,PG,1990,Yes
David Robinson,C,1990,Yes
John Stockton,PG,1990,Yes
James Worthy,SF,1990,Yes
Michael Adams,PG,1991,Yes
Charles Barkley,PF,1991,Yes
Larry Bird,SF,1991,Yes
Brad Daugherty,C,1991,Yes
Joe Dumars,SG,1991,Yes
Patrick Ewing,C,1991,Yes
Michael Jordan,SG,1991,Yes
Reggie Lewis,SF,1991,Yes
Scottie Pippen,SF,1991,Yes
Mark Price,PG,1991,Yes
Dennis Rodman,PF,1991,Yes
Isiah Thomas,PG,1991,Yes
Dominique Wilkins,SF,1991,Yes
Kevin Willis,C,1991,Yes
Clyde Drexler,SG,1991,Yes
Tim Hardaway,PG,1991,Yes
Jeff Hornacek,SG,1991,Yes
Magic Johnson,PG,1991,Yes
Dan Majerle,SG,1991,Yes
Karl Malone,PF,1991,Yes
Chris Mullin,SF,1991,Yes
Dikembe Mutombo,C,1991,Yes
Hakeem Olajuwon,C,1991,Yes
David Robinson,C,1991,Yes
John Stockton,PG,1991,Yes
Otis Thorpe,PF,1991,Yes
James Worthy,SF,1991,Yes
Charles Barkley,PF,1992,Yes
Clyde Drexler,SG,1992,Yes
Sean Elliott,SF,1992,Yes
Tim Hardaway,PG,1992,Yes
Shawn Kemp,C,1992,Yes
Dan Majerle,SG,1992,Yes
Karl Malone,PF,1992,Yes
Danny Manning,F,1992,Yes
Chris Mullin,SF,1992,Yes
Hakeem Olajuwon,C,1992,Yes
Terry Porter,PG,1992,Yes
Mitch Richmond,SG,1992,Yes
David Robinson,C,1992,Yes
John Stockton,PG,1992,Yes
Brad Daugherty,C,1992,Yes
Joe Dumars,SG,1992,Yes
Patrick Ewing,C,1992,Yes
Larry Johnson,F,1992,Yes
Michael Jordan,SG,1992,Yes
Larry Nance,PF,1992,Yes
Shaquille O'Neal,C,1992,Yes
Scottie Pippen,SF,1992,Yes
Mark Price,PG,1992,Yes
Detlef Schrempf,SF,1992,Yes
Isiah Thomas,PG,1992,Yes
Dominique Wilkins,SF,1992,Yes
Charles Barkley,PF,1993,Yes
Clyde Drexler,SG,1993,Yes
Kevin Johnson,PG,1993,Yes
Shawn Kemp,C,1993,Yes
Karl Malone,PF,1993,Yes
Danny Manning,F,1993,Yes
Hakeem Olajuwon,C,1993,Yes
Gary Payton,G,1993,Yes
Mitch Richmond,SG,1993,Yes
Cliff Robinson,PF,1993,Yes
David Robinson,C,1993,Yes
Latrell Sprewell,SG,1993,Yes
John Stockton,PG,1993,Yes
Kenny Anderson,PG,1993,Yes
B.J. Armstrong,G,1993,Yes
Mookie Blaylock,PG,1993,Yes
Derrick Coleman,FC,1993,Yes
Patrick Ewing,C,1993,Yes
Horace Grant,PF,1993,Yes
Alonzo Mourning,C,1993,Yes
Shaquille O'Neal,C,1993,Yes
Charles Oakley,PF,1993,Yes
Scottie Pippen,SF,1993,Yes
Mark Price,PG,1993,Yes
John Starks,SG,1993,Yes
Dominique Wilkins,SF,1993,Yes
Charles Barkley,PF,1994,Yes
Cedric Ceballos,SF,1994,Yes
Shawn Kemp,C,1994,Yes
Dan Majerle,SG,1994,Yes
Karl Malone,PF,1994,Yes
Dikembe Mutombo,C,1994,Yes
Hakeem Olajuwon,C,1994,Yes
Gary Payton,G,1994,Yes
Mitch Richmond,SG,1994,Yes
David Robinson,C,1994,Yes
Detlef Schrempf,SF,1994,Yes
Latrell Sprewell,SG,1994,Yes
John Stockton,PG,1994,Yes
Vin Baker,PF,1994,Yes
Dana Barros,PG,1994,Yes
Joe Dumars,SG,1994,Yes
Patrick Ewing,C,1994,Yes
Penny Hardaway,PG,1994,Yes
Grant Hill,SF,1994,Yes
Tyrone Hill,PF,1994,Yes
Larry Johnson,F,1994,Yes
Reggie Miller,SG,1994,Yes
Alonzo Mourning,C,1994,Yes
Shaquille O'Neal,C,1994,Yes
Scottie Pippen,SF,1994,Yes
Charles Barkley,PF,1995,Yes
Clyde Drexler,SG,1995,Yes
Sean Elliott,SF,1995,Yes
Shawn Kemp,C,1995,Yes
Jason Kidd,PG,1995,Yes
Karl Malone,PF,1995,Yes
Dikembe Mutombo,C,1995,Yes
Hakeem Olajuwon,C,1995,Yes
Gary Payton,G,1995,Yes
Mitch Richmond,SG,1995,Yes
David Robinson,C,1995,Yes
John Stockton,PG,1995,Yes
Vin Baker,PF,1995,Yes
Terrell Brandon,PG,1995,Yes
Patrick Ewing,C,1995,Yes
Penny Hardaway,PG,1995,Yes
Grant Hill,SF,1995,Yes
Juwan Howard,PF,1995,Yes
Michael Jordan,SG,1995,Yes
Reggie Miller,SG,1995,Yes
Alonzo Mourning,C,1995,Yes
Shaquille O'Neal,C,1995,Yes
Scottie Pippen,SF,1995,Yes
Glen Rice,SF,1995,Yes
Vin Baker,PF,1996,Yes
Terrell Brandon,PG,1996,Yes
Joe Dumars,SG,1996,Yes
Patrick Ewing,C,1996,Yes
Penny Hardaway,PG,1996,Yes
Tim Hardaway,PG,1996,Yes
Grant Hill,SF,1996,Yes
Michael Jordan,SG,1996,Yes
Christian Laettner,PF,1996,Yes
Alonzo Mourning,C,1996,Yes
Dikembe Mutombo,C,1996,Yes
Scottie Pippen,SF,1996,Yes
Glen Rice,SF,1996,Yes
Chris Webber,F-C,1996,Yes
Charles Barkley,PF,1996,Yes
Clyde Drexler,SG,1996,Yes
Kevin Garnett,PF,1996,Yes
Chris Gatling,PF,1996,Yes
Tom Gugliotta,PF,1996,Yes
Eddie Jones,G-F,1996,Yes
Shawn Kemp,C,1996,Yes
Karl Malone,PF,1996,Yes
Shaquille O'Neal,C,1996,Yes
Hakeem Olajuwon,C,1996,Yes
Gary Payton,G,1996,Yes
Mitch Richmond,SG,1996,Yes
Detlef Schrempf,SF,1996,Yes
Latrell Sprewell,SG,1996,Yes
John Stockton,PG,1996,Yes
Penny Hardaway,PG,1997,Yes
Tim Hardaway,PG,1997,Yes
Grant Hill,SF,1997,Yes
Michael Jordan,SG,1997,Yes
Shawn Kemp,C,1997,Yes
Reggie Miller,SG,1997,Yes
Dikembe Mutombo,C,1997,Yes
Glen Rice,SF,1997,Yes
Steve Smith,SG,1997,Yes
Rik Smits,C,1997,Yes
Antoine Walker,F,1997,Yes
Jayson Williams,FC,1997,Yes
Vin Baker,PF,1997,Yes
Kobe Bryant,SG,1997,Yes
Tim Duncan,FC,1997,Yes
Kevin Garnett,PF,1997,Yes
Eddie Jones,G-F,1997,Yes
Jason Kidd,PG,1997,Yes
Karl Malone,PF,1997,Yes
Shaquille O'Neal,C,1997,Yes
Gary Payton,G,1997,Yes
Mitch Richmond,SG,1997,Yes
David Robinson,C,1997,Yes
Nick Van Exel,PG,1997,Yes
Jaylen Brown,SF,1998,Yes
Stephen Curry,G,1998,Yes
Luka Doncic,SF,1998,Yes
Anthony Edwards,SF,1998,Yes
Joel Embiid,C,1998,Yes
De'Aaron Fox,PG,1998,Yes
Paul George,GF,1998,Yes
Tyrese Haliburton,PG,1998,Yes
Kyrie Irving,G,1998,Yes
"Jaren Jackson, Jr.",PF,1998,Yes
LeBron James,F,1998,Yes
Nikola Jokic,C,1998,Yes
Julius Randle,PF,1998,Yes
Zion Williamson,PF,1998,Yes
Bam Adebayo,C,1998,Yes
Giannis Antetokounmpo,F,1998,Yes
DeMar DeRozan,GF,1998,Yes
Kevin Durant,SF,1998,Yes
Shai Gilgeous-Alexander,PG,1998,Yes
Jrue Holiday,G,1998,Yes
Damian Lillard,G,1998,Yes
Lauri Markkanen,SF,1998,Yes
Donovan Mitchell,SG,1998,Yes
Ja Morant,G,1998,Yes
Domantas Sabonis,PF,1998,Yes
Pascal Siakam,F,1998,Yes
Jayson Tatum,SF,1998,Yes
Kobe Bryant,SG,1999,Yes
Tim Duncan,FC,1999,Yes
Michael Finley,G-F,1999,Yes
Kevin Garnett,PF,1999,Yes
Jason Kidd,PG,1999,Yes
Karl Malone,PF,1999,Yes
Shaquille O'Neal,C,1999,Yes
Gary Payton,G,1999,Yes
David Robinson,C,1999,Yes
John Stockton,PG,1999,Yes
Rasheed Wallace,FC,1999,Yes
Chris Webber,F-C,1999,Yes
Ray Allen,SG,1999,Yes
Vince Carter,SF,1999,Yes
Dale Davis,C-F,1999,Yes
Grant Hill,SF,1999,Yes
Allan Houston,G,1999,Yes
Allen Iverson,G,1999,Yes
Eddie Jones,G-F,1999,Yes
Reggie Miller,SG,1999,Yes
Alonzo Mourning,C,1999,Yes
Dikembe Mutombo,C,1999,Yes
Glenn Robinson,SF,1999,Yes
Jerry Stackhouse,SF,1999,Yes
Ray Allen,SG,2000,Yes
Vince Carter,SF,2000,Yes
Antonio Davis,FC,2000,Yes
Grant Hill,SF,2000,Yes
Allan Houston,G,2000,Yes
Allen Iverson,G,2000,Yes
Stephon Marbury,G,2000,Yes
Anthony Mason,PF,2000,Yes
Tracy McGrady,GF,2000,Yes
Alonzo Mourning,C,2000,Yes
Dikembe Mutombo,C,2000,Yes
Theo Ratliff,C,2000,Yes
Glenn Robinson,SF,2000,Yes
Latrell Sprewell,SG,2000,Yes
Jerry Stackhouse,SF,2000,Yes
Kobe Bryant,SG,2000,Yes
Vlade Divac,C,2000,Yes
Tim Duncan,FC,2000,Yes
Michael Finley,G-F,2000,Yes
Kevin Garnett,PF,2000,Yes
Jason Kidd,PG,2000,Yes
Karl Malone,PF,2000,Yes
Antonio McDyess,F,2000,Yes
Shaquille O'Neal,C,2000,Yes
Gary Payton,G,2000,Yes
David Robinson,C,2000,Yes
Rasheed Wallace,FC,2000,Yes
Chris Webber,F-C,2000,Yes
Shareef Abdur-Rahim,F,2001,Yes
Ray Allen,SG,2001,Yes
Vince Carter,SF,2001,Yes
Baron Davis,G,2001,Yes
Allen Iverson,G,2001,Yes
Michael Jordan,SG,2001,Yes
Jason Kidd,PG,2001,Yes
Tracy McGrady,GF,2001,Yes
Alonzo Mourning,C,2001,Yes
Dikembe Mutombo,C,2001,Yes
Jermaine O'Neal,FC,2001,Yes
Paul Pierce,SF,2001,Yes
Antoine Walker,F,2001,Yes
Elton Brand,PF,2001,Yes
Kobe Bryant,SG,2001,Yes
Tim Duncan,FC,2001,Yes
Steve Francis,G,2001,Yes
Kevin Garnett,PF,2001,Yes
Karl Malone,PF,2001,Yes
Steve Nash,G,2001,Yes
Dirk Nowitzki,PF,2001,Yes
Shaquille O'Neal,C,2001,Yes
Gary Payton,G,2001,Yes
Peja Stojakovic,F,2001,Yes
Wally Szczerbiak,F,2001,Yes
Chris Webber,F-C,2001,Yes
Vince Carter,SF,2002,Yes
Zydrunas Ilgauskas,C,2002,Yes
Allen Iverson,G,2002,Yes
Michael Jordan,SG,2002,Yes
Jason Kidd,PG,2002,Yes
Jamal Mashburn,SF,2002,Yes
Tracy McGrady,GF,2002,Yes
Brad Miller,C,2002,Yes
Jermaine O'Neal,FC,2002,Yes
Paul Pierce,SF,2002,Yes
Antoine Walker,F,2002,Yes
Ben Wallace,FC,2002,Yes
Kobe Bryant,SG,2002,Yes
Tim Duncan,FC,2002,Yes
Steve Francis,G,2002,Yes
Kevin Garnett,PF,2002,Yes
Stephon Marbury,G,2002,Yes
Shawn Marion,F,2002,Yes
Yao Ming,C,2002,Yes
Steve Nash,G,2002,Yes
Dirk Nowitzki,PF,2002,Yes
Shaquille O'Neal,C,2002,Yes
Gary Payton,G,2002,Yes
Peja Stojakovic,F,2002,Yes
Chris Webber,F-C,2002,Yes
Ray Allen,SG,2003,Yes
Kobe Bryant,SG,2003,Yes
Sam Cassell,G,2003,Yes
Tim Duncan,FC,2003,Yes
Steve Francis,G,2003,Yes
Kevin Garnett,PF,2003,Yes
Andrei Kirilenko,PF,2003,Yes
Brad Miller,C,2003,Yes
Yao Ming,C,2003,Yes
Dirk Nowitzki,PF,2003,Yes
Shaquille O'Neal,C,2003,Yes
Peja Stojakovic,F,2003,Yes
Vince Carter,SF,2003,Yes
Baron Davis,G,2003,Yes
Allen Iverson,G,2003,Yes
Jason Kidd,PG,2003,Yes
Jamaal Magloire,C,2003,Yes
Kenyon Martin,F,2003,Yes
Tracy McGrady,GF,2003,Yes
Jermaine O'Neal,FC,2003,Yes
Paul Pierce,SF,2003,Yes
Michael Redd,G,2003,Yes
Ben Wallace,FC,2003,Yes
Metta World Peace,SF,2003,Yes
Ray Allen,SG,2004,Yes
Kobe Bryant,SG,2004,Yes
Tim Duncan,FC,2004,Yes
Kevin Garnett,PF,2004,Yes
Manu Ginobili,SG,2004,Yes
Rashard Lewis,F,2004,Yes
Shawn Marion,F,2004,Yes
Tracy McGrady,GF,2004,Yes
Yao Ming,C,2004,Yes
Steve Nash,G,2004,Yes
Dirk Nowitzki,PF,2004,Yes
Amar'e Stoudemire,FC,2004,Yes
Gilbert Arenas,G,2004,Yes
Vince Carter,SF,2004,Yes
Grant Hill,SF,2004,Yes
Zydrunas Ilgauskas,C,2004,Yes
Allen Iverson,G,2004,Yes
LeBron James,F,2004,Yes
Antawn Jamison,F,2004,Yes
Jermaine O'Neal,FC,2004,Yes
Shaquille O'Neal,C,2004,Yes
Paul Pierce,SF,2004,Yes
Dwyane Wade,SG,2004,Yes
Ben Wallace,FC,2004,Yes
Ray Allen,SG,2005,Yes
Elton Brand,PF,2005,Yes
Kobe Bryant,SG,2005,Yes
Tim Duncan,FC,2005,Yes
Kevin Garnett,PF,2005,Yes
Pau Gasol,FC,2005,Yes
Shawn Marion,F,2005,Yes
Tracy McGrady,GF,2005,Yes
Yao Ming,C,2005,Yes
Steve Nash,G,2005,Yes
Dirk Nowitzki,PF,2005,Yes
Tony Parker,G,2005,Yes
Gilbert Arenas,G,2005,Yes
Chauncey Billups,G,2005,Yes
Chris Bosh,PF,2005,Yes
Vince Carter,SF,2005,Yes
Richard Hamilton,SG,2005,Yes
Allen Iverson,G,2005,Yes
LeBron James,F,2005,Yes
Jermaine O'Neal,FC,2005,Yes
Shaquille O'Neal,C,2005,Yes
Paul Pierce,SF,2005,Yes
Dwyane Wade,SG,2005,Yes
Ben Wallace,FC,2005,Yes
Rasheed Wallace,FC,2005,Yes
Ray Allen,SG,2006,Yes
Carmelo Anthony,F,2006,Yes
Carlos Boozer,PF,2006,Yes
Kobe Bryant,SG,2006,Yes
Tim Duncan,FC,2006,Yes
Kevin Garnett,PF,2006,Yes
Josh Howard,GF,2006,Yes
Allen Iverson,G,2006,Yes
Shawn Marion,F,2006,Yes
Tracy McGrady,GF,2006,Yes
Yao Ming,C,2006,Yes
Steve Nash,G,2006,Yes
Dirk Nowitzki,PF,2006,Yes
Mehmet Okur,FC,2006,Yes
Tony Parker,G,2006,Yes
Amar'e Stoudemire,FC,2006,Yes
Gilbert Arenas,G,2006,Yes
Chauncey Billups,G,2006,Yes
Chris Bosh,PF,2006,Yes
Caron Butler,SF,2006,Yes
Vince Carter,SF,2006,Yes
Richard Hamilton,SG,2006,Yes
Dwight Howard,C,2006,Yes
LeBron James,F,2006,Yes
Joe Johnson,SG,2006,Yes
Jason Kidd,PG,2006,Yes
Jermaine O'Neal,FC,2006,Yes
Shaquille O'Neal,C,2006,Yes
Dwyane Wade,SG,2006,Yes
Carmelo Anthony,F,2007,Yes
Carlos Boozer,PF,2007,Yes
Kobe Bryant,SG,2007,Yes
Tim Duncan,FC,2007,Yes
Allen Iverson,G,2007,Yes
Yao Ming,C,2007,Yes
Steve Nash,G,2007,Yes
Dirk Nowitzki,PF,2007,Yes
Chris Paul,PG,2007,Yes
Brandon Roy,G,2007,Yes
Amar'e Stoudemire,FC,2007,Yes
David West,PF,2007,Yes
Ray Allen,SG,2007,Yes
Chauncey Billups,G,2007,Yes
Chris Bosh,PF,2007,Yes
Caron Butler,SF,2007,Yes
Kevin Garnett,PF,2007,Yes
Richard Hamilton,SG,2007,Yes
Dwight Howard,C,2007,Yes
LeBron James,F,2007,Yes
Antawn Jamison,F,2007,Yes
Joe Johnson,SG,2007,Yes
Jason Kidd,PG,2007,Yes
Paul Pierce,SF,2007,Yes
Dwyane Wade,SG,2007,Yes
Rasheed Wallace,FC,2007,Yes
Chauncey Billups,G,2008,Yes
Kobe Bryant,SG,2008,Yes
Tim Duncan,FC,2008,Yes
Pau Gasol,FC,2008,Yes
Yao Ming,C,2008,Yes
Dirk Nowitzki,PF,2008,Yes
Shaquille O'Neal,C,2008,Yes
Tony Parker,G,2008,Yes
Chris Paul,PG,2008,Yes
Brandon Roy,G,2008,Yes
Amar'e Stoudemire,FC,2008,Yes
David West,PF,2008,Yes
Ray Allen,SG,2008,Yes
Chris Bosh,PF,2008,Yes
Kevin Garnett,PF,2008,Yes
Danny Granger,GF,2008,Yes
Devin Harris,G,2008,Yes
Dwight Howard,C,2008,Yes
Allen Iverson,G,2008,Yes
LeBron James,F,2008,Yes
Joe Johnson,SG,2008,Yes
Rashard Lewis,F,2008,Yes
Jameer Nelson,G,2008,Yes
Paul Pierce,SF,2008,Yes
Dwyane Wade,SG,2008,Yes
Mo Williams,G,2008,Yes
Carmelo Anthony,F,2009,Yes
Chauncey Billups,G,2009,Yes
Kobe Bryant,SG,2009,Yes
Tim Duncan,FC,2009,Yes
Kevin Durant,SF,2009,Yes
Pau Gasol,FC,2009,Yes
Chris Kaman,C,2009,Yes
Jason Kidd,PG,2009,Yes
Steve Nash,G,2009,Yes
Dirk Nowitzki,PF,2009,Yes
Chris Paul,PG,2009,Yes
Zach Randolph,PF,2009,Yes
Brandon Roy,G,2009,Yes
Amar'e Stoudemire,FC,2009,Yes
Deron Williams,PG,2009,Yes
Chris Bosh,PF,2009,Yes
Kevin Garnett,PF,2009,Yes
Al Horford,FC,2009,Yes
Dwight Howard,C,2009,Yes
Allen Iverson,G,2009,Yes
LeBron James,F,2009,Yes
Joe Johnson,SG,2009,Yes
David Lee,FC,2009,Yes
Paul Pierce,SF,2009,Yes
Rajon Rondo,PG,2009,Yes
Derrick Rose,PG,2009,Yes
Dwyane Wade,SG,2009,Yes
Gerald Wallace,F,2009,Yes
Carmelo Anthony,F,2010,Yes
Kobe Bryant,SG,2010,Yes
Tim Duncan,FC,2010,Yes
Kevin Durant,SF,2010,Yes
Pau Gasol,FC,2010,Yes
Manu Ginobili,SG,2010,Yes
Blake Griffin,PF,2010,Yes
Kevin Love,FC,2010,Yes
Yao Ming,C,2010,Yes
Dirk Nowitzki,PF,2010,Yes
Chris Paul,PG,2010,Yes
Russell Westbrook,G,2010,Yes
Deron Williams,PG,2010,Yes
Ray Allen,SG,2010,Yes
Chris Bosh,PF,2010,Yes
Kevin Garnett,PF,2010,Yes
Al Horford,FC,2010,Yes
Dwight Howard,C,2010,Yes
LeBron James,F,2010,Yes
Joe Johnson,SG,2010,Yes
Paul Pierce,SF,2010,Yes
Rajon Rondo,PG,2010,Yes
Derrick Rose,PG,2010,Yes
Amar'e Stoudemire,FC,2010,Yes
Dwyane Wade,SG,2010,Yes
Carmelo Anthony,F,2011,Yes
Chris Bosh,PF,2011,Yes
Luol Deng,GF,2011,Yes
Roy Hibbert,C,2011,Yes
Dwight Howard,C,2011,Yes
Andre Iguodala,SF,2011,Yes
LeBron James,F,2011,Yes
Joe Johnson,SG,2011,Yes
Paul Pierce,SF,2011,Yes
Rajon Rondo,PG,2011,Yes
Derrick Rose,PG,2011,Yes
Dwyane Wade,SG,2011,Yes
Deron Williams,PG,2011,Yes
LaMarcus Aldridge,FC,2011,Yes
Kobe Bryant,SG,2011,Yes
Andrew Bynum,C,2011,Yes
Kevin Durant,SF,2011,Yes
Marc Gasol,C,2011,Yes
Blake Griffin,PF,2011,Yes
Kevin Love,FC,2011,Yes
Steve Nash,G,2011,Yes
Dirk Nowitzki,PF,2011,Yes
Tony Parker,G,2011,Yes
Chris Paul,PG,2011,Yes
Russell Westbrook,G,2011,Yes
LaMarcus Aldridge,FC,2012,Yes
Kobe Bryant,SG,2012,Yes
Tim Duncan,FC,2012,Yes
Kevin Durant,SF,2012,Yes
Blake Griffin,PF,2012,Yes
James Harden,SG,2012,Yes
Dwight Howard,C,2012,Yes
David Lee,FC,2012,Yes
Tony Parker,G,2012,Yes
Chris Paul,PG,2012,Yes
Zach Randolph,PF,2012,Yes
Russell Westbrook,G,2012,Yes
Carmelo Anthony,F,2012,Yes
Chris Bosh,PF,2012,Yes
Tyson Chandler,C,2012,Yes
Luol Deng,GF,2012,Yes
Kevin Garnett,PF,2012,Yes
Paul George,GF,2012,Yes
Jrue Holiday,G,2012,Yes
Kyrie Irving,G,2012,Yes
LeBron James,F,2012,Yes
Brook Lopez,C,2012,Yes
Joakim Noah,FC,2012,Yes
Rajon Rondo,PG,2012,Yes
Dwyane Wade,SG,2012,Yes
LaMarcus Aldridge,FC,2013,Yes
Kobe Bryant,SG,2013,Yes
Stephen Curry,G,2013,Yes
Anthony Davis,PF,2013,Yes
Kevin Durant,SF,2013,Yes
Blake Griffin,PF,2013,Yes
James Harden,SG,2013,Yes
Dwight Howard,C,2013,Yes
Damian Lillard,G,2013,Yes
Kevin Love,FC,2013,Yes
Dirk Nowitzki,PF,2013,Yes
Tony Parker,G,2013,Yes
Chris Paul,PG,2013,Yes
Carmelo Anthony,F,2013,Yes
Chris Bosh,PF,2013,Yes
DeMar DeRozan,GF,2013,Yes
Paul George,GF,2013,Yes
Roy Hibbert,C,2013,Yes
Kyrie Irving,G,2013,Yes
LeBron James,F,2013,Yes
Joe Johnson,SG,2013,Yes
Paul Millsap,FC,2013,Yes
Joakim Noah,FC,2013,Yes
Dwyane Wade,SG,2013,Yes
John Wall,PG,2013,Yes
Carmelo Anthony,F,2014,Yes
Chris Bosh,PF,2014,Yes
Jimmy Butler,GF,2014,Yes
Pau Gasol,FC,2014,Yes
Al Horford,FC,2014,Yes
Kyrie Irving,G,2014,Yes
LeBron James,F,2014,Yes
Kyle Korver,SF,2014,Yes
Kyle Lowry,PG,2014,Yes
Paul Millsap,FC,2014,Yes
Jeff Teague,PG,2014,Yes
Dwyane Wade,SG,2014,Yes
John Wall,PG,2014,Yes
LaMarcus Aldridge,FC,2014,Yes
Kobe Bryant,SG,2014,Yes
DeMarcus Cousins,C,2014,Yes
Stephen Curry,G,2014,Yes
Anthony Davis,PF,2014,Yes
Tim Duncan,FC,2014,Yes
Kevin Durant,SF,2014,Yes
Marc Gasol,C,2014,Yes
Blake Griffin,PF,2014,Yes
James Harden,SG,2014,Yes
Damian Lillard,G,2014,Yes
Dirk Nowitzki,PF,2014,Yes
Chris Paul,PG,2014,Yes
Klay Thompson,G,2014,Yes
Russell Westbrook,G,2014,Yes
Carmelo Anthony,F,2015,Yes
Chris Bosh,PF,2015,Yes
Jimmy Butler,GF,2015,Yes
DeMar DeRozan,GF,2015,Yes
Andre Drummond,C,2015,Yes
Pau Gasol,FC,2015,Yes
Paul George,GF,2015,Yes
Al Horford,FC,2015,Yes
LeBron James,F,2015,Yes
Kyle Lowry,PG,2015,Yes
Paul Millsap,FC,2015,Yes
Isaiah Thomas,PG,2015,Yes
Dwyane Wade,SG,2015,Yes
John Wall,PG,2015,Yes
LaMarcus Aldridge,FC,2015,Yes
Kobe Bryant,SG,2015,Yes
DeMarcus Cousins,C,2015,Yes
Stephen Curry,G,2015,Yes
Anthony Davis,PF,2015,Yes
Kevin Durant,SF,2015,Yes
Draymond Green,F,2015,Yes
James Harden,SG,2015,Yes
Kawhi Leonard,F,2015,Yes
Chris Paul,PG,2015,Yes
Klay Thompson,G,2015,Yes
Russell Westbrook,G,2015,Yes
DeMarcus Cousins,C,2016,Yes
Stephen Curry,G,2016,Yes
Anthony Davis,PF,2016,Yes
Kevin Durant,SF,2016,Yes
Marc Gasol,C,2016,Yes
Draymond Green,F,2016,Yes
James Harden,SG,2016,Yes
Gordon Hayward,GF,2016,Yes
DeAndre Jordan,C,2016,Yes
Kawhi Leonard,F,2016,Yes
Klay Thompson,G,2016,Yes
Russell Westbrook,G,2016,Yes
Giannis Antetokounmpo,F,2016,Yes
Carmelo Anthony,F,2016,Yes
Jimmy Butler,GF,2016,Yes
DeMar DeRozan,GF,2016,Yes
Paul George,GF,2016,Yes
Kyrie Irving,G,2016,Yes
LeBron James,F,2016,Yes
Kevin Love,FC,2016,Yes
Kyle Lowry,PG,2016,Yes
Paul Millsap,FC,2016,Yes
Isaiah Thomas,PG,2016,Yes
Kemba Walker,G,2016,Yes
John Wall,PG,2016,Yes
Giannis Antetokounmpo,F,2017,Yes
Jimmy Butler,GF,2017,Yes
Stephen Curry,G,2017,Yes
DeMar DeRozan,GF,2017,Yes
Joel Embiid,C,2017,Yes
Draymond Green,F,2017,Yes
James Harden,SG,2017,Yes
Al Horford,FC,2017,Yes
Damian Lillard,G,2017,Yes
Kyle Lowry,PG,2017,Yes
Klay Thompson,G,2017,Yes
Karl-Anthony Towns,C,2017,Yes
LaMarcus Aldridge,FC,2017,Yes
Bradley Beal,SG,2017,Yes
DeMarcus Cousins,C,2017,Yes
Anthony Davis,PF,2017,Yes
Goran Dragic,G,2017,Yes
Andre Drummond,C,2017,Yes
Kevin Durant,SF,2017,Yes
Paul George,GF,2017,Yes
Kyrie Irving,G,2017,Yes
LeBron James,F,2017,Yes
Kevin Love,FC,2017,Yes
Victor Oladipo,G,2017,Yes
Kristaps Porzingis,FC,2017,Yes
Kemba Walker,G,2017,Yes
John Wall,PG,2017,Yes
Russell Westbrook,G,2017,Yes
LaMarcus Aldridge,FC,2018,Yes
Bradley Beal,SG,2018,Yes
Anthony Davis,PF,2018,Yes
Kevin Durant,SF,2018,Yes
James Harden,SG,2018,Yes
Kyrie Irving,G,2018,Yes
LeBron James,F,2018,Yes
Kawhi Leonard,F,2018,Yes
Damian Lillard,G,2018,Yes
Ben Simmons,PF,2018,Yes
Klay Thompson,G,2018,Yes
Karl-Anthony Towns,C,2018,Yes
Dwyane Wade,SG,2018,Yes
Giannis Antetokounmpo,F,2018,Yes
Stephen Curry,G,2018,Yes
Joel Embiid,C,2018,Yes
Paul George,GF,2018,Yes
Blake Griffin,PF,2018,Yes
Nikola Jokic,C,2018,Yes
Kyle Lowry,PG,2018,Yes
Khris Middleton,SF,2018,Yes
Dirk Nowitzki,PF,2018,Yes
Victor Oladipo,G,2018,Yes
D'Angelo Russell,SG,2018,Yes
Nikola Vucevic,PF,2018,Yes
Kemba Walker,G,2018,Yes
Russell Westbrook,G,2018,Yes
Devin Booker,SG,2019,Yes
Anthony Davis,PF,2019,Yes
Luka Doncic,SF,2019,Yes
James Harden,SG,2019,Yes
LeBron James,F,2019,Yes
Nikola Jokic,C,2019,Yes
Kawhi Leonard,F,2019,Yes
Damian Lillard,G,2019,Yes
Chris Paul,PG,2019,Yes
Domantas Sabonis,PF,2019,Yes
Ben Simmons,PF,2019,Yes
Jayson Tatum,SF,2019,Yes
Russell Westbrook,G,2019,Yes
Bam Adebayo,C,2019,Yes
Giannis Antetokounmpo,F,2019,Yes
Jimmy Butler,GF,2019,Yes
Joel Embiid,C,2019,Yes
Rudy Gobert,C,2019,Yes
Brandon Ingram,SF,2019,Yes
Kyle Lowry,PG,2019,Yes
Khris Middleton,SF,2019,Yes
Donovan Mitchell,SG,2019,Yes
Pascal Siakam,F,2019,Yes
Kemba Walker,G,2019,Yes
Trae Young,PG,2019,Yes
Bradley Beal,SG,2020,Yes
Devin Booker,SG,2020,Yes
Mike Conley,PG,2020,Yes
Kevin Durant,SF,2020,Yes
Joel Embiid,C,2020,Yes
James Harden,SG,2020,Yes
Kyrie Irving,G,2020,Yes
Zach LaVine,SG,2020,Yes
Kawhi Leonard,F,2020,Yes
Donovan Mitchell,SG,2020,Yes
Julius Randle,PF,2020,Yes
Jayson Tatum,SF,2020,Yes
Nikola Vucevic,PF,2020,Yes
Zion Williamson,PF,2020,Yes
Giannis Antetokounmpo,F,2020,Yes
Jaylen Brown,SF,2020,Yes
Stephen Curry,G,2020,Yes
Anthony Davis,PF,2020,Yes
Luka Doncic,SF,2020,Yes
Paul George,GF,2020,Yes
Rudy Gobert,C,2020,Yes
LeBron James,F,2020,Yes
Nikola Jokic,C,2020,Yes
Damian Lillard,G,2020,Yes
Chris Paul,PG,2020,Yes
Domantas Sabonis,PF,2020,Yes
Ben Simmons,PF,2020,Yes
Jarrett Allen,C,2021,Yes
Giannis Antetokounmpo,F,2021,Yes
Jimmy Butler,GF,2021,Yes
Stephen Curry,G,2021,Yes
DeMar DeRozan,GF,2021,Yes
Luka Doncic,SF,2021,Yes
Darius Garland,G,2021,Yes
Draymond Green,F,2021,Yes
James Harden,SG,2021,Yes
LeBron James,F,2021,Yes
Nikola Jokic,C,2021,Yes
Donovan Mitchell,SG,2021,Yes
Chris Paul,PG,2021,Yes
Fred VanVleet,G,2021,Yes
LaMelo Ball,G,2021,Yes
Devin Booker,SG,2021,Yes
Kevin Durant,SF,2021,Yes
Joel Embiid,C,2021,Yes
Rudy Gobert,C,2021,Yes
Zach LaVine,SG,2021,Yes
Khris Middleton,SF,2021,Yes
Ja Morant,G,2021,Yes
Dejounte Murray,SG,2021,Yes
Jayson Tatum,SF,2021,Yes
Karl-Anthony Towns,C,2021,Yes
Andrew Wiggins,F,2021,Yes
Trae Young,PG,2021,Yes
